{"cameraMode":{"drawMode":0,"name":"Shaded","section":"Shading Mode"},"sceneLighting":false,"audioPlay":false,"sceneViewState":{"showFog":true,"showMaterialUpdate":false,"showSkybox":false,"showFlares":true,"showImageEffects":true,"showParticleSystems":true},"in2DMode":false,"pivot":{"x":-18.875646591186525,"y":15.366127014160157,"z":8.353350639343262},"rotation":{"x":0.134659081697464,"y":0.15715940296649934,"z":-0.02163044922053814,"w":0.9781269431114197},"size":0.6151278018951416,"orthographic":false}