{"cameraMode":{"drawMode":0,"name":"Shaded","section":"Shading Mode"},"sceneLighting":true,"audioPlay":false,"sceneViewState":{"showFog":true,"showMaterialUpdate":false,"showSkybox":true,"showFlares":true,"showImageEffects":true,"showParticleSystems":true},"in2DMode":false,"pivot":{"x":1.3648347854614258,"y":0.05100059509277344,"z":22.218252182006837},"rotation":{"x":0.134659081697464,"y":0.15715940296649934,"z":-0.02163044922053814,"w":0.9781269431114197},"size":9.702691078186036,"orthographic":false}